,Zip,ICD10
0,891,
1,958,
2,920,
3,945,
4,661,
5,936,
6,922,
7,935,
8,933,
9,919,
10,921,
11,956,
12,937,
13,800,
14,980,
15,907,
16,917,
17,900,
18,750,
19,890,
20,953,
21,853,
22,984,
23,973,
24,946,
25,913,
26,952,
27,983,
28,314,
29,932,
30,802,
31,982,
32,760,
33,850,
34,957,
35,785,
36,923,
37,948,
38,954,
39,949,
40,852,
41,799,
42,951,
43,924,
44,645,
45,801,
46,851,
47,925,
48,908,
49,662,
50,985,
51,322,
52,926,
53,641,
54,672,
55,928,
56,761,
57,786,
58,981,
59,939,
60,806,
61,805,
62,660,
63,864,
64,927,
65,809,
66,860,
67,275,
68,666,
69,959,
70,784,
71,774,
72,767,
73,751,
74,640,
75,762,
76,320,
77,960,
78,770,
79,894,
80,752,
81,911,
82,276,
83,754,
84,783,
85,950,
86,918,
87,644,
88,912,
89,313,
90,916,
91,925,16836.0
92,922,
93,922,8997.0
94,100,
95,731,
96,944,
97,23,
98,79,15395.0
99,70,
100,74,
101,950,37655.0
102,74,37746.0
103,950,15066.0
104,943,
105,945,27820.0
106,940,12900.0
107,940,
108,18,
109,78,
110,78,
111,941,
112,974,
113,947,
114,600,
115,940,15243.0
116,941,27820.0
117,554,
118,80,
119,551,
120,540,
121,553,
122,550,
123,79,
124,201,
125,442,
126,151,
127,305,
128,787,
129,146,
130,330,
131,303,
132,301,
133,300,
134,282,
135,174,
136,152,
137,50,
138,37,
139,606,
140,563,
141,273,
142,32,
143,837,
144,160,
145,604,
146,605,
147,467,
148,39,
149,150,
150,189,
151,789,
152,441,
153,554,9138.0
154,156,
155,245,
156,972,
157,773,
158,432,
159,481,
160,33,
161,32,37201.0
162,30,
163,38,
164,302,
165,294,
166,31,
167,530,
168,460,
169,370,
170,161,
171,76,
172,601,
173,482,
174,183,
175,488,
176,77,
177,318,
178,453,
179,494,
180,296,
181,480,
182,492,
183,329,
184,20,
185,321,
186,172,
187,376,
188,323,
189,559,
190,986,
191,840,
192,436,
193,333,
194,373,
195,336,
196,535,
197,421,
198,11,
199,463,
200,328,
201,483,
202,445,
203,895,
204,250,
205,21,
206,29,
207,846,
208,357,
209,281,
210,19,
211,685,
212,140,
213,531,
214,34,
215,238,
216,26,
217,64,
218,125,
219,446,
220,904,
221,630,
222,633,
223,622,
224,153,
225,560,
226,338,
227,24,
228,195,
229,349,
230,454,
231,657,
232,452,
233,995,
234,123,
235,337,
236,532,
237,331,
238,371,
239,631,
240,970,
241,385,
242,391,
243,450,
244,175,
245,902,
246,119,
247,775,
248,707,
249,28,
250,327,
251,490,
252,926,977.0
253,926,9791.0
254,180,
255,905,
256,342,
257,906,
258,60,
259,305,3349.0
260,223,
261,400,
262,959,9293.0
263,190,
264,225,
265,109,
266,440,
267,234,
268,219,
269,708,
270,701,
271,430,
272,193,
273,197,
274,170,
275,81,
276,272,
277,727,
278,85,
279,906,27820.0
280,88,
281,15,
282,71,
283,474,
284,200,
285,334,
286,307,
287,841,
288,83,
289,17,
290,115,
291,335,
292,926,
293,121,
294,372,
295,603,
296,73,
297,290,
298,209,
299,910,
300,914,
301,917,27818.0
302,598,
303,870,
304,989,
305,933,12913.0
306,231,
307,993,
308,928,12687.0
309,933,
310,212,
311,938,
312,194,
313,740,
314,493,
315,608,
316,932,
317,933,3945.0
318,347,
319,978,
320,990,
321,934,
322,626,
323,451,
324,173,
325,339,
326,218,
327,222,
328,111,
329,755,
330,930,
331,859,
332,199,
333,933,3217.0
334,462,
335,534,
336,765,
337,647,
338,434,
339,953,
340,953,
341,123,15324.0
342,977,
343,112,
344,971,
345,847,
346,82,
347,444,
348,961,
349,226,
350,54,
351,975,
352,835,
353,955,
354,838,
355,836,
356,917,974.0
357,913,27796.0
358,915,
359,903,
360,671,
361,671,9138.0
362,670,
363,465,
364,466,
365,465,974.0
366,456,
367,486,
368,484,
369,668,
370,923,23969.0
371,923,9791.0
372,405,
373,925,
374,808,
375,810,
376,803,
377,497,
378,863,
379,210,
380,814,
381,926,16821.0
382,980,30464.0
383,804,
384,557,
385,379,
386,801,36562.0
387,468,
388,224,
389,897,
390,87,
391,141,
392,148,
393,681,
394,547,
395,844,
396,834,
397,295,
398,617,
399,299,
400,207,
401,235,
402,537,
403,435,
404,221,
405,211,
406,124,
407,117,
408,220,
409,812,
410,449,
411,939,3269.0
412,900,15606.0
413,900,34828.0
414,712,
415,594,
416,782,
417,843,
418,356,
419,735,
420,857,
421,325,
422,558,
423,730,
424,590,
425,833,
426,967,
427,527,
428,230,
429,46,
430,979,
431,934,2847.0
432,996,
433,940,955.0
434,584,
435,346,
436,502,
437,386,
438,768,
439,820,
440,721,
441,684,
442,705,
443,758,
444,610,
445,581,
446,748,
447,130,
448,377,
449,992,
450,976,
451,10,
452,477,
453,734,
454,597,
455,882,
456,826,
457,228,
458,315,
459,873,
460,759,
461,577,
462,365,
463,363,
464,781,
465,673,
466,280,
467,933,108.0
468,932,108.0
469,932,
470,936,37672.0
471,207,
472,816,
473,971,
474,207,3349.0
475,27,
476,917,
477,206,
478,815,
479,216,
480,410,
481,240,
482,931,
483,289,
484,232,
485,287,
486,380,
487,171,
488,208,
489,254,
490,998,
491,988,
492,607,
493,753,
494,636,
495,166,
496,229,
497,309,
498,214,
499,602,
500,178,
501,196,
502,286,
503,458,
504,813,
505,217,
506,378,
507,923,2842.0
508,585,
509,743,
510,745,
511,291,
512,788,
513,646,
514,316,
515,855,
516,764,
517,905,37672.0
518,409,
519,562,
520,950,2621.0
521,956,28626.0
522,958,12898.0
523,840,25111.0
524,841,3995.0
525,871,
526,591,
527,473,
528,683,
529,823,
530,792,
531,573,
532,680,
533,844,4444.0
534,832,
535,455,
536,757,
537,402,
538,689,
539,500,
540,917,16861.0
541,907,9138.0
542,906,37651.0
543,780,
544,791,
545,954,16821.0
546,918,108.0
547,927,27090.0
548,949,8997.0
549,945,15283.0
550,949,12988.0
551,948,23715.0
552,546,
553,787,3217.0
554,793,
555,750,
556,142,
557,883,
558,703,
559,184,
560,461,
561,541,
562,108,
563,881,
564,306,
565,384,
566,346,16924.0
567,300,37684.0
568,203,
569,271,
570,472,
571,336,16918.0
572,885,
573,549,
574,704,
575,651,
576,544,
577,491,
578,880,
579,612,
580,288,
581,381,
582,528,
583,278,
584,507,
585,469,
586,565,
587,523,
588,277,
589,506,
590,895,
591,956,27820.0
592,953,37624.0
593,953,16856.0
594,959,
595,945,4103.0
596,105,
597,107,
598,101,
599,688,
600,113,
601,248,
602,687,
603,690,
604,104,
605,682,
606,106,
607,702,
608,700,
609,790,
610,571,
611,103,
612,796,
613,720,
614,772,
615,114,
616,110,
617,543,
618,188,
619,953,12778.0
620,917,108.0
621,431,
622,920,13011.0
623,864,980.0
624,923,34177.0
625,923,108.0
626,864,31718.0
627,890,108.0
628,926,32847.0
629,900,15202.0
630,371,9802.0
631,384,16918.0
632,383,
633,174,394.0
634,176,
635,390,
636,392,
637,779,
638,941,3269.0
639,951,31915.0
640,954,27796.0
641,951,15073.0
642,941,15382.0
643,946,27795.0
644,949,
645,665,
646,895,37219.0
647,894,12682.0
648,714,
649,728,
650,319,
651,423,
652,901,
653,177,
654,292,
655,711,
656,261,
657,485,
658,487,
659,611,
660,570,
661,921,27796.0
662,933,9011.0
663,932,34167.0
664,932,34169.0
665,932,37684.0
666,936,448.0
667,932,
668,132,
669,852,12681.0
670,852,
671,191,
672,408,
673,917,5800.0
674,924,
675,959,9792.0
676,249,
677,913,16813.0
678,913,17060.0
679,913,107.0
680,927,108.0
681,236,
682,237,
683,926,
684,233,
685,929,
686,43,
687,922,27819.0
688,922,12603.0
689,922,13138.0
690,925,36562.0
691,922,30645.0
692,917,
693,298,
694,596,
695,478,
696,239,
697,917,28434.0
698,856,
699,875,
700,656,
701,61,
702,144,
703,358,
704,65,
705,928,
706,907,24012.0
707,907,8997.0
708,927,3943.0
709,618,
710,922,15542.0
711,950,27820.0
712,825,
713,932,369.0
714,680,2865.0
715,833,9792.0
716,807,
717,515,
718,691,
719,42,
720,138,
721,133,
722,49,
723,136,
724,137,
725,134,
726,135,
727,501,
728,941,15015.0
729,941,108.0
730,941,4444.0
731,941,
732,941,
733,941,
734,960,27778.0
735,960,
736,960,
737,960,
738,960,
739,960,8987.0
740,960,15292.0
741,960,15357.0
742,0,
743,766,
744,798,
745,69,
746,913,27820.0
747,900,9335.0
748,667,
749,893,
750,827,
751,831,
752,718,
753,599,
754,629,
755,713,
756,991,
757,898,
758,443,
759,874,
760,592,
761,344,
762,498,
763,650,
764,582,
765,744,
766,625,
767,374,
768,811,
769,475,
770,139,
771,747,
772,433,
773,439,
774,655,
775,514,
776,725,
777,877,
778,526,
779,939,12558.0
780,939,24969.0
781,939,15545.0
782,939,
783,285,
784,950,
785,956,3298.0
786,120,
787,122,
788,922,24981.0
789,922,15109.0
790,922,
791,128,
792,68,
793,797,
794,92,
795,729,
796,756,
797,794,
798,522,
799,778,
800,795,
801,722,
802,741,
803,62,
804,905,
805,917,975.0
806,564,
807,906,3341.0
808,371,37672.0
809,950,24551.0
810,950,
811,950,36550.0
812,954,12559.0
813,902,12902.0
814,913,15285.0
815,913,34169.0
816,903,15382.0
817,928,2865.0
818,906,39571.0
819,335,24835.0
820,928,3217.0
821,928,12890.0
822,145,
823,33,37201.0
824,50,37651.0
825,489,
826,66,
827,926,9385.0
828,810,27820.0
829,340,
830,953,23850.0
831,952,2999.0
832,605,3285.0
833,320,38565.0
834,80,9802.0
835,923,15245.0
836,67,
837,395,
838,957,
839,821,
840,933,25068.0
841,930,
842,354,
843,719,
844,930,12681.0
845,465,37215.0
846,465,3316.0
847,202,
848,806,
849,605,
850,917,15109.0
851,917,8918.0
852,902,37736.0
853,119,105.0
854,495,
855,786,37684.0
856,945,31732.0
857,770,25109.0
858,204,
859,341,
860,635,
861,886,
862,887,
863,686,
864,154,
865,616,
866,242,
867,265,
868,284,
869,283,
870,925,
871,925,12681.0
872,920,2847.0
873,920,3838.0
874,939,
875,942,
876,945,3217.0
877,630,15294.0
878,260,
879,63,
880,637,
881,630,37715.0
882,628,
883,624,
884,144,9802.0
885,260,36562.0
886,164,
887,654,
888,471,
889,437,
890,310,
891,638,
892,422,
893,86,
894,147,
895,185,
896,620,
897,181,
898,613,
899,623,
900,634,
901,539,
902,89,
903,72,
904,75,
905,464,
906,609,
907,479,
908,505,
909,476,
910,424,
911,619,
912,503,
913,297,
914,186,
915,131,
916,658,
917,648,
918,350,
919,187,
920,182,
921,418,
922,168,
923,158,
924,324,
925,382,
926,8,
927,933,12687.0
928,933,37718.0
929,932,
930,932,17031.0
931,936,
932,937,16918.0
933,936,36562.0
934,933,37715.0
935,488,30427.0
936,933,26619.0
937,933,15655.0
938,934,
939,934,
940,961,
941,895,
942,961,12779.0
943,924,3299.0
944,923,37644.0
945,958,
946,958,17601.0
947,958,3217.0
948,956,37687.0
949,917,37672.0
950,902,19314.0
951,926,8918.0
952,843,
953,952,9802.0
954,956,
955,864,
956,950,446.0
957,941,12306.0
958,949,37684.0
959,949,27776.0
960,830,
961,370,
962,393,
963,902,3299.0
964,900,32847.0
965,900,
966,907,
967,597,3930.0
968,920,36562.0
969,710,
970,902,32854.0
971,917,27789.0
972,925,31706.0
973,928,16915.0
974,927,12774.0
975,902,2995.0
976,902,258.0
977,900,108.0
978,900,974.0
979,941,15109.0
980,941,17611.0
981,941,3242.0
982,941,974.0
983,945,9806.0
984,913,39792.0
985,858,
986,728,
987,933,979.0
988,930,31714.0
989,925,38317.0
990,956,15066.0
991,900,37394.0
992,116,
993,104,12774.0
994,326,
995,293,
996,980,9792.0
997,977,3285.0
998,708,7663.0
999,394,
1000,920,
1001,982,277.0
1002,982,
1003,317,
1004,586,
1005,922,
1006,922,32259.0
1007,922,2978.0
1008,368,
1009,953,2841.0
1010,41,
1011,274,
1012,470,
1013,907,31732.0
1014,907,
1015,908,
1016,913,26974.0
1017,913,2865.0
1018,913,369.0
1019,913,37707.0
1020,913,
1021,913,12997.0
1022,913,41762.0
1023,936,12554.0
1024,950,376.0
1025,940,262.0
1026,932,
1027,937,15090.0
1028,959,3930.0
1029,959,9788.0
1030,959,38555.0
1031,902,12808.0
1032,927,440.0
1033,930,12900.0
1034,930,12920.0
1035,955,36562.0
1036,955,15094.0
1037,955,
1038,937,108.0
1039,653,
1040,652,
1041,749,
1042,352,
1043,353,
1044,692,
1045,925,9150.0
1046,934,
1047,932,36483.0
1048,953,34840.0
1049,936,
1050,941,
1051,960,
1052,960,12556.0
1053,960,37388.0
1054,960,19315.0
1055,960,
1056,960,
1057,960,12779.0
1058,975,
1059,922,9802.0
1060,953,37854.0
1061,922,12898.0
1062,360,
1063,205,
1064,771,
1065,934,110.0
1066,930,37718.0
1067,926,
1068,912,37549.0
1069,895,37672.0
1070,548,
1071,262,
1072,263,
1073,763,
1074,40,
1075,824,
1076,926,4102.0
1077,926,15077.0
1078,304,
1079,387,
1080,259,
1081,258,
1082,950,37512.0
1083,574,
1084,949,39027.0
1085,60,15301.0
1086,902,
1087,852,
1088,953,12681.0
1089,940,32847.0
1090,937,17601.0
1091,925,
1092,952,15093.0
1093,925,24851.0
1094,907,
1095,910,36549.0
1096,923,
1097,591,12681.0
1098,981,36562.0
1099,786,29243.0
1100,927,3299.0
1101,906,24477.0
1102,922,16822.0
1103,853,12681.0
1104,922,
1105,922,
1106,947,37716.0
1107,162,
1108,606,37201.0
1109,940,15068.0
1110,241,
1111,25,
1112,403,
1113,308,
1114,311,
1115,504,
1116,375,
1117,913,15066.0
1118,913,37626.0
1119,155,
1120,742,
1121,496,
1122,854,
1123,179,
1124,922,9792.0
1125,852,12685.0
1126,802,448.0
1127,980,36562.0
1128,457,
1129,777,
1130,917,30564.0
1131,917,27820.0
1132,958,31714.0
1133,958,394.0
1134,958,36560.0
1135,952,
1136,958,8997.0
1137,956,15542.0
1138,957,15250.0
1139,910,36562.0
1140,916,
1141,928,
1142,951,12558.0
1143,18,3707.0
1144,950,27782.0
1145,956,16843.0
1146,936,12681.0
1147,845,
1148,936,108.0
1149,936,24981.0
1150,926,12682.0
1151,928,108.0
1152,928,
1153,928,15229.0
1154,908,27795.0
1155,366,
1156,947,
1157,917,
1158,923,2847.0
1159,917,37684.0
1160,782,25068.0
1161,920,12553.0
1162,776,
1163,706,
1164,917,603.0
1165,900,
1166,933,446.0
1167,902,37707.0
1168,923,28685.0
1169,917,3383.0
1170,917,9350.0
1171,917,3299.0
1172,945,30596.0
1173,926,12891.0
1174,926,16843.0
1175,926,27820.0
1176,928,12935.0
1177,945,4151.0
1178,210,
1179,521,
1180,907,
1181,905,28495.0
1182,906,27830.0
1183,905,
1184,606,4047.0
1185,606,24016.0
1186,48,
1187,945,3257.0
1188,941,36562.0
1189,678,
1190,525,
1191,850,9792.0
1192,951,12900.0
1193,921,31717.0
1194,214,37672.0
1195,770,12934.0
1196,983,3217.0
1197,921,402.0
1198,910,34175.0
1199,902,4102.0
1200,914,36562.0
1201,907,2837.0
1202,906,37759.0
1203,900,12893.0
1204,908,37504.0
1205,928,32847.0
1206,911,3845.0
1207,910,17601.0
1208,911,9810.0
1209,933,37693.0
1210,933,
1211,933,
1212,932,9788.0
1213,932,16841.0
1214,932,
1215,932,27783.0
1216,933,35207.0
1217,945,3358.0
1218,945,37340.0
1219,415,
1220,913,2839.0
1221,25,108.0
1222,294,5808.0
1223,551,36562.0
1224,45,
1225,357,9783.0
1226,359,
1227,358,4417.0
1228,358,38318.0
1229,358,27795.0
1230,404,
1231,351,
1232,357,8992.0
1233,270,
1234,14,
1235,159,
1236,56,
1237,516,
1238,12,
1239,16,
1240,47,
1241,801,16823.0
1242,803,27819.0
1243,427,
1244,828,
1245,895,
1246,863,
1247,863,15250.0
1248,856,9150.0
1249,856,37077.0
1250,920,23512.0
1251,925,108.0
1252,919,37202.0
1253,925,3838.0
1254,423,12682.0
1255,413,
1256,674,
1257,884,
1258,723,
1259,312,
1260,675,
1261,396,
1262,520,
1263,401,
1264,542,
1265,213,
1266,388,
1267,707,8969.0
1268,397,
1269,389,
1270,580,
1271,398,
1272,361,
1273,416,
1274,922,24239.0
1275,922,32847.0
1276,227,
1277,941,27812.0
1278,941,12893.0
1279,941,
1280,941,27813.0
1281,916,
1282,750,9792.0
1283,770,12893.0
1284,786,28434.0
1285,17,9561.0
1286,126,
1287,127,
1288,786,30552.0
1289,945,15068.0
1290,917,3981.0
1291,923,
1292,923,13004.0
1293,925,978.0
1294,925,3298.0
1295,941,16809.0
1296,941,37575.0
1297,941,9792.0
1298,941,15077.0
1299,941,9811.0
1300,941,34189.0
1301,959,12914.0
1302,959,15542.0
1303,741,12909.0
1304,923,25109.0
1305,78,39781.0
1306,74,5810.0
1307,198,
1308,950,980.0
1309,951,24477.0
1310,951,27819.0
1311,937,12998.0
1312,677,
1313,937,8969.0
1314,93,
1315,932,24016.0
1316,907,9013.0
1317,908,15249.0
1318,908,28430.0
1319,925,37835.0
1320,925,27819.0
1321,923,2835.0
1322,908,23990.0
1323,980,28510.0
1324,981,37201.0
1325,977,37403.0
1326,335,15094.0
1327,264,
1328,724,
1329,267,
1330,510,
1331,925,
1332,941,25219.0
1333,941,3299.0
1334,932,9181.0
1335,57,
1336,501,30418.0
1337,928,12900.0
1338,960,35557.0
1339,975,15397.0
1340,922,12682.0
1341,922,433.0
1342,913,23990.0
1343,913,27777.0
1344,770,108.0
1345,773,15092.0
1346,752,15236.0
1347,531,24980.0
1348,615,
1349,953,9788.0
1350,939,24854.0
1351,939,15191.0
1352,981,30459.0
1353,980,37672.0
1354,605,3299.0
1355,940,
1356,941,27819.0
1357,945,
1358,840,
1359,716,
1360,936,
1361,959,30350.0
1362,921,
1363,923,
1364,922,
1365,922,
1366,922,9181.0
1367,922,
1368,958,24241.0
1369,906,15222.0
1370,945,37201.0
1371,945,
1372,952,
1373,925,
1374,60,16918.0
1375,905,4350.0
1376,7,
1377,954,36562.0
1378,945,
1379,945,35904.0
1380,945,14976.0
1381,945,12931.0
1382,956,12898.0
1383,908,
1384,900,446.0
1385,902,17052.0
1386,928,15243.0
1387,907,37672.0
1388,906,108.0
1389,926,12894.0
1390,928,24239.0
1391,980,37684.0
1392,923,15236.0
1393,627,
1394,902,24980.0
1395,902,12681.0
1396,936,16961.0
1397,940,31716.0
1398,545,
1399,999,
1400,937,30423.0
1401,934,3269.0
1402,975,2977.0
1403,919,12306.0
1404,902,466.0
1405,902,37308.0
1406,902,16810.0
1407,906,
1408,900,3217.0
1409,953,15087.0
1410,953,36556.0
1411,953,7669.0
1412,940,
1413,950,12681.0
1414,940,16813.0
1415,944,9799.0
1416,921,15243.0
1417,953,27821.0
1418,953,34177.0
1419,940,7669.0
1420,953,15250.0
1421,950,
1422,944,27820.0
1423,932,37707.0
1424,932,3383.0
1425,934,30753.0
1426,939,37175.0
1427,950,242.0
1428,939,35650.0
1429,930,24804.0
1430,926,27819.0
1431,926,8989.0
1432,566,
1433,902,24960.0
1434,925,7992.0
1435,906,3414.0
1436,945,8997.0
1437,945,37215.0
1438,953,108.0
1439,953,15094.0
1440,941,
1441,931,
1442,951,27783.0
1443,951,
1444,950,3299.0
1445,951,
1446,951,15250.0
1447,936,9181.0
1448,936,12780.0
1449,282,12898.0
1450,980,13002.0
1451,113,108.0
1452,371,108.0
1453,371,32847.0
1454,390,585.0
1455,917,9792.0
1456,926,34261.0
1457,862,
1458,881,27812.0
1459,881,16823.0
1460,881,32847.0
1461,460,30564.0
1462,52,
1463,950,36559.0
1464,950,447.0
1465,940,27820.0
1466,945,24244.0
1467,941,277.0
1468,941,15090.0
1469,941,15066.0
1470,941,9139.0
1471,941,16821.0
1472,940,28499.0
1473,968,
1474,852,28434.0
1475,949,36562.0
1476,949,15090.0
1477,17,30396.0
1478,805,2865.0
1479,913,24854.0
1480,914,
1481,915,
1482,913,38362.0
1483,900,36562.0
1484,913,15090.0
1485,920,27789.0
1486,851,16944.0
1487,930,2839.0
1488,982,36562.0
1489,524,
1490,371,
1491,370,4483.0
1492,300,27819.0
1493,406,
1494,300,37352.0
1495,917,36562.0
1496,300,31706.0
1497,757,108.0
1498,362,
1499,355,
1500,411,
1501,420,
1502,364,
1503,426,
1504,940,
1505,945,15104.0
1506,499,
1507,917,
1508,926,267.0
1509,970,16918.0
1510,900,409.0
1511,900,28499.0
1512,926,
1513,953,36562.0
1514,774,9799.0
1515,959,
1516,280,15092.0
1517,280,3838.0
1518,281,2865.0
1519,928,25069.0
1520,956,28426.0
1521,956,12558.0
1522,952,108.0
1523,958,27813.0
1524,956,8998.0
1525,956,37201.0
1526,956,12912.0
1527,956,
1528,956,
1529,920,30401.0
1530,908,
1531,908,32847.0
1532,921,12893.0
1533,908,
1534,933,
1535,933,34392.0
1536,933,39740.0
1537,447,
1538,84,
1539,997,
1540,163,
1541,279,
1542,737,
1543,448,
1544,255,
1545,407,
1546,332,
1547,370,3299.0
1548,836,37672.0
1549,303,24980.0
1550,253,
1551,681,5808.0
1552,106,108.0
1553,357,27783.0
1554,358,15092.0
1555,357,28426.0
1556,257,
1557,246,
1558,256,
1559,266,
1560,567,
1561,643,
1562,930,24810.0
1563,746,
1564,244,
1565,920,12909.0
1566,960,9423.0
1567,960,12749.0
1568,959,17601.0
1569,960,12780.0
1570,960,3284.0
1571,950,37201.0
1572,902,15379.0
1573,900,9792.0
1574,913,12681.0
1575,38,15066.0
1576,224,
1577,306,
1578,800,27794.0
1579,70,15576.0
1580,100,39792.0
1581,102,
1582,118,
1583,236,25069.0
1584,276,16963.0
1585,300,3217.0
1586,920,8969.0
1587,917,9137.0
1588,950,12898.0
1589,950,108.0
1590,935,12685.0
1591,906,36562.0
1592,907,27818.0
1593,950,
1594,902,15386.0
1595,907,30418.0
1596,6,
1597,17,9295.0
1598,22,
1599,717,
1600,726,
1601,769,
1602,960,12685.0
1603,952,23066.0
1604,939,108.0
1605,939,12893.0
1606,939,9161.0
1607,939,3299.0
1608,941,
1609,951,2865.0
1610,941,2750.0
1611,946,
1612,946,36562.0
1613,951,31706.0
1614,943,28718.0
1615,940,3318.0
1616,946,2936.0
1617,952,23712.0
1618,958,37175.0
1619,958,8984.0
1620,956,975.0
1621,945,23712.0
1622,926,15512.0
1623,973,12309.0
1624,972,
1625,920,8989.0
1626,925,9792.0
1627,68,
1628,922,39677.0
1629,922,34177.0
1630,907,16824.0
1631,906,17601.0
1632,902,16944.0
1633,907,2835.0
1634,900,
1635,907,
1636,601,
1637,905,
1638,905,12893.0
1639,905,27794.0
1640,900,12722.0
1641,902,9012.0
1642,923,36562.0
1643,923,9254.0
1644,900,15386.0
1645,917,28887.0
1646,917,15357.0
1647,941,15308.0
1648,940,
1649,665,37339.0
1650,900,
1651,913,37272.0
1652,937,
1653,932,
1654,932,
1655,357,12682.0
1656,358,36562.0
1657,358,9253.0
1658,357,28420.0
1659,357,37649.0
1660,352,38026.0
1661,357,37715.0
1662,358,34172.0
1663,358,37715.0
1664,357,28417.0
1665,358,37713.0
1666,303,4469.0
1667,669,
1668,58,
1669,243,
1670,44,
1671,922,8989.0
1672,922,108.0
1673,917,
1674,327,
1675,327,12894.0
1676,328,25110.0
1677,347,23694.0
1678,614,
1679,773,108.0
1680,950,
1681,15,12893.0
1682,25,27820.0
1683,77,15655.0
1684,77,15069.0
1685,77,34175.0
1686,77,9809.0
1687,950,15077.0
1688,863,12736.0
1689,863,24980.0
1690,863,31817.0
1691,860,12931.0
1692,863,37077.0
1693,857,
1694,852,12319.0
1695,593,
1696,836,24003.0
1697,920,15087.0
1698,21,13011.0
1699,44,37290.0
1700,193,446.0
1701,194,37672.0
1702,228,3410.0
1703,284,37672.0
1704,284,12897.0
1705,302,15069.0
1706,531,
1707,600,395.0
1708,953,3358.0
1709,953,12682.0
1710,953,12894.0
1711,953,15542.0
1712,787,9810.0
1713,950,
1714,928,9013.0
1715,922,16961.0
1716,941,27818.0
1717,957,19314.0
1718,900,13137.0
1719,952,28431.0
1720,952,19314.0
1721,556,
1722,934,9792.0
1723,891,3935.0
1724,513,
1725,950,37079.0
1726,960,15104.0
1727,960,12275.0
1728,928,34169.0
1729,907,4397.0
1730,907,37705.0
1731,908,31706.0
1732,921,
1733,963,
1734,923,38571.0
1735,940,37506.0
1736,122,9130.0
1737,945,31714.0
1738,920,9782.0
1739,927,9783.0
1740,926,108.0
1741,920,23977.0
1742,774,17046.0
1743,915,12558.0
1744,913,15092.0
1745,930,32867.0
1746,588,
1747,736,
1748,922,16823.0
1749,922,3006.0
1750,922,24980.0
1751,933,3285.0
1752,334,15231.0
1753,926,16813.0
1754,937,100.0
1755,922,34167.0
1756,922,9782.0
1757,922,16844.0
1758,922,23130.0
1759,572,
1760,925,3217.0
1761,928,27820.0
1762,919,
1763,919,27818.0
1764,919,15090.0
1765,921,24016.0
1766,921,30418.0
1767,937,37506.0
1768,936,4440.0
1769,936,8978.0
1770,932,9252.0
1771,926,3842.0
1772,236,9792.0
1773,922,
1774,129,
1775,930,4443.0
1776,930,37284.0
1777,930,15092.0
1778,930,3477.0
1779,930,976.0
1780,930,3284.0
1781,930,
1782,930,24016.0
1783,930,37642.0
1784,930,3241.0
1785,930,30418.0
1786,913,34177.0
1787,930,27820.0
1788,930,32847.0
1789,930,27823.0
1790,649,
1791,945,
1792,954,8918.0
1793,954,268.0
1794,930,27818.0
1795,945,4102.0
1796,870,25109.0
1797,945,9792.0
1798,377,
1799,953,24981.0
1800,850,15087.0
1801,850,36557.0
1802,850,15092.0
1803,890,36562.0
1804,913,36562.0
1805,342,31714.0
1806,941,37334.0
1807,981,9285.0
1808,215,
1809,906,27794.0
1810,925,
1811,786,34167.0
1812,156,15242.0
1813,333,
1814,716,8999.0
1815,716,
1816,716,27795.0
1817,956,2865.0
1818,959,24014.0
1819,597,
1820,175,31718.0
1821,959,9787.0
1822,945,34259.0
1823,959,15357.0
1824,959,12275.0
1825,950,
1826,950,32847.0
1827,950,24406.0
1828,950,37325.0
1829,60,
1830,906,13071.0
1831,902,27795.0
1832,900,27818.0
1833,900,107.0
1834,908,12999.0
1835,917,
1836,912,24241.0
1837,891,19317.0
1838,913,9805.0
1839,117,15243.0
1840,958,
1841,958,34199.0
1842,953,37703.0
1843,90,
1844,925,12774.0
1845,922,28418.0
1846,922,9151.0
1847,922,39740.0
1848,922,8930.0
1849,913,25068.0
1850,919,
1851,917,
1852,902,4155.0
1853,945,
1854,945,19312.0
1855,956,
1856,972,
1857,981,3934.0
1858,300,108.0
1859,369,
1860,320,31706.0
1861,923,27820.0
1862,907,4507.0
1863,72,
1864,88,16812.0
1865,88,27812.0
1866,89,27820.0
1867,461,32847.0
1868,906,34175.0
1869,925,15191.0
1870,334,106.0
1871,801,960.0
1872,920,17072.0
1873,800,36558.0
1874,786,37503.0
1875,247,
1876,642,
1877,940,30350.0
1878,709,
1879,143,
1880,951,448.0
1881,951,27813.0
1882,950,37684.0
1883,950,37672.0
1884,958,
1885,956,31714.0
1886,956,38390.0
1887,956,37504.0
1888,958,3127.0
1889,934,12900.0
1890,934,34172.0
1891,934,9136.0
1892,956,16823.0
1893,956,9792.0
1894,956,3256.0
1895,956,
1896,956,13002.0
1897,956,15359.0
1898,952,16836.0
1899,949,37351.0
1900,940,15066.0
1901,853,8918.0
1902,390,30419.0
1903,390,108.0
1904,390,37687.0
1905,392,15109.0
1906,902,37853.0
1907,752,15094.0
1908,928,15094.0
1909,19,15094.0
1910,907,24239.0
1911,907,25043.0
1912,906,
1913,928,12681.0
1914,930,37272.0
1915,906,24981.0
1916,937,15293.0
1917,984,7667.0
1918,941,15222.0
1919,606,24960.0
1920,941,24012.0
1921,810,37287.0
1922,157,
1923,928,
1924,632,
1925,551,32847.0
1926,907,27819.0
1927,958,13011.0
1928,906,
1929,926,24429.0
1930,927,17072.0
1931,926,8998.0
1932,986,12306.0
1933,781,28650.0
1934,920,
1935,211,12681.0
1936,944,3299.0
1937,930,
1938,953,37215.0
1939,940,27794.0
1940,953,27820.0
1941,939,
1942,936,3217.0
1943,940,9792.0
1944,940,108.0
1945,941,105.0
1946,941,12904.0
1947,940,12774.0
1948,940,28495.0
1949,940,8940.0
1950,940,36562.0
1951,945,25111.0
1952,945,
1953,945,23526.0
1954,945,15066.0
1955,950,25118.0
1956,953,15562.0
1957,953,27823.0
1958,934,24941.0
1959,931,
1960,931,
1961,937,36557.0
1962,936,
1963,923,12682.0
1964,853,25046.0
1965,934,9782.0
1966,945,
1967,950,262.0
1968,950,16837.0
1969,951,27818.0
1970,928,978.0
1971,925,
1972,908,15397.0
1973,922,9295.0
1974,820,369.0
1975,871,
1976,900,12682.0
1977,112,
1978,975,38327.0
1979,339,3217.0
1980,775,9788.0
1981,920,15092.0
1982,917,
1983,906,15080.0
1984,928,
1985,939,8950.0
1986,913,2848.0
1987,945,16843.0
1988,945,37673.0
1989,70,37202.0
1990,681,24834.0
1991,681,37693.0
1992,945,8969.0
1993,917,27794.0
1994,912,37715.0
1995,917,198.0
1996,913,2846.0
1997,911,28478.0
1998,911,3257.0
1999,926,27818.0
2000,953,
2001,932,
2002,932,13080.0
2003,953,
2004,18,9015.0
2005,64,32847.0
2006,83,37713.0
2007,906,37335.0
2008,926,
2009,928,8997.0
2010,900,23994.0
2011,920,31706.0
2012,30,5808.0
2013,35,
2014,25,37715.0
2015,27,27820.0
2016,301,28426.0
2017,952,12898.0
2018,945,
2019,17,25073.0
2020,953,30724.0
2021,945,
2022,953,41291.0
2023,953,9786.0
2024,953,
2025,953,12890.0
2026,953,3969.0
2027,774,9783.0
2028,945,36562.0
2029,954,30628.0
2030,664,
2031,404,12335.0
2032,928,16844.0
2033,934,28426.0
2034,936,480.0
2035,937,28431.0
2036,937,37651.0
2037,907,9129.0
2038,907,9782.0
2039,907,27788.0
2040,913,37567.0
2041,900,37718.0
2042,902,16843.0
2043,940,23989.0
2044,940,16844.0
2045,941,16813.0
2046,944,15087.0
2047,945,2839.0
2048,951,4353.0
2049,508,
2050,939,31706.0
2051,940,9783.0
2052,939,
2053,945,
2054,940,24976.0
2055,950,24837.0
2056,945,37504.0
2057,945,27812.0
2058,947,
2059,937,30667.0
2060,953,24016.0
2061,951,37715.0
2062,192,
2063,786,38564.0
2064,953,
2065,953,28590.0
2066,770,9792.0
2067,760,37717.0
2068,679,
2069,861,
2070,872,
2071,869,
2072,900,15065.0
2073,902,36562.0
2074,921,27819.0
2075,223,27776.0
2076,919,13010.0
2077,920,
2078,207,
2079,920,16963.0
2080,956,
2081,891,
2082,165,
2083,676,
2084,282,15103.0
2085,88,37715.0
2086,367,
2087,923,17019.0
2088,925,29477.0
2089,906,
2090,454,2865.0
2091,934,27782.0
2092,450,27777.0
2093,840,3217.0
2094,902,9181.0
2095,917,
2096,917,12684.0
2097,917,9786.0
2098,922,36359.0
2099,923,
2100,923,15703.0
2101,924,8997.0
2102,902,16824.0
2103,112,
2104,906,3217.0
2105,100,16843.0
2106,100,37395.0
2107,112,446.0
2108,937,12893.0
2109,939,
2110,234,15085.0
2111,921,
2112,920,16823.0
2113,920,37672.0
2114,908,
2115,921,2840.0
2116,921,27777.0
2117,952,12780.0
2118,952,12894.0
2119,950,
2120,950,36562.0
2121,913,
2122,913,32847.0
2123,925,2839.0
2124,917,36549.0
2125,926,274.0
2126,927,27819.0
2127,917,
2128,926,12681.0
2129,174,9811.0
2130,175,17601.0
2131,905,12987.0
2132,805,34177.0
2133,932,27794.0
2134,925,34176.0
2135,922,15090.0
2136,923,9237.0
2137,923,9130.0
2138,923,9811.0
2139,923,8997.0
2140,925,30423.0
2141,922,30651.0
2142,936,37686.0
2143,927,
2144,926,3299.0
2145,926,37613.0
2146,926,31718.0
2147,930,9253.0
2148,930,109.0
2149,930,2847.0
2150,930,
2151,930,3323.0
2152,930,3475.0
2153,930,8988.0
2154,930,37504.0
2155,930,38565.0
2156,930,37684.0
2157,930,2932.0
2158,928,28423.0
2159,907,
2160,923,23987.0
2161,913,37672.0
2162,928,12684.0
2163,930,9237.0
2164,926,37357.0
2165,925,27776.0
2166,891,4425.0
2167,911,9802.0
2168,922,15094.0
2169,922,17601.0
2170,960,27795.0
2171,960,
2172,960,447.0
2173,960,
2174,936,
2175,945,15191.0
2176,941,3796.0
2177,941,
2178,941,
2179,951,4425.0
2180,954,31715.0
2181,926,28423.0
2182,770,
2183,908,31714.0
2184,841,15239.0
2185,80,12824.0
2186,926,
2187,928,12554.0
2188,927,8997.0
2189,926,27795.0
2190,840,37713.0
2191,840,27794.0
2192,908,
2193,926,
2194,941,37666.0
2195,949,
2196,330,3284.0
2197,333,37659.0
2198,333,12898.0
2199,900,37715.0
2200,937,8978.0
2201,939,395.0
2202,939,
2203,939,9811.0
2204,919,
2205,920,12685.0
2206,925,36549.0
2207,925,9140.0
2208,928,15077.0
2209,920,395.0
2210,930,9785.0
2211,930,12558.0
2212,853,108.0
2213,922,15340.0
2214,853,
2215,921,12610.0
2216,786,
2217,958,38317.0
2218,946,15235.0
2219,945,37760.0
2220,940,27783.0
2221,980,
2222,981,24478.0
2223,913,24429.0
2224,950,
2225,953,7978.0
2226,953,9811.0
2227,953,34854.0
2228,900,31706.0
2229,60,25068.0
2230,922,
2231,922,
2232,716,
2233,716,8997.0
2234,553,27794.0
2235,275,15238.0
2236,112,8988.0
2237,924,108.0
2238,945,8971.0
2239,959,15360.0
2240,945,28419.0
2241,945,37175.0
2242,944,27800.0
2243,949,446.0
2244,853,12628.0
2245,786,12824.0
2246,960,27819.0
2247,852,15241.0
2248,945,12774.0
2249,939,16836.0
2250,939,17024.0
2251,511,
2252,251,
2253,169,
2254,926,9783.0
2255,80,13149.0
2256,958,34167.0
2257,957,37715.0
2258,822,
2259,926,
2260,64,9783.0
2261,438,
2262,333,16813.0
2263,787,34232.0
2264,601,37069.0
2265,970,9802.0
2266,939,37690.0
2267,939,9802.0
2268,931,9805.0
2269,930,3217.0
2270,132,31706.0
2271,850,27812.0
2272,538,
2273,149,
2274,919,27819.0
2275,853,25068.0
2276,955,38326.0
2277,941,12992.0
2278,945,30628.0
2279,937,37485.0
2280,809,203.0
2281,112,15626.0
2282,894,2742.0
2283,945,12783.0
2284,953,16843.0
2285,932,438.0
2286,956,32847.0
2287,952,24800.0
2288,944,
2289,461,12681.0
2290,575,
2291,923,
2292,907,4102.0
2293,934,108.0
2294,934,15579.0
2295,920,108.0
2296,925,15077.0
2297,852,37720.0
2298,937,
2299,953,
2300,926,24551.0
2301,906,15395.0
2302,781,28500.0
2303,917,401.0
2304,786,15350.0
2305,919,
